Currency,Date,"Buy Rate","Sell Rate"

USD,2026-02-18,305.6761,313.2117
USD,2026-02-17,305.4869,313.0220
USD,2026-02-16,305.4790,313.0141
USD,2026-02-13,305.5237,313.0589
USD,2026-02-12,305.6498,313.1854
USD,2026-02-11,305.6707,313.2066
USD,2026-02-10,305.7602,313.2961
USD,2026-02-09,305.7260,313.2618
USD,2026-02-06,305.6576,313.1934
USD,2026-02-05,305.7890,313.3251
USD,2026-02-03,305.8389,313.3753
USD,2026-02-02,305.5893,313.1248
USD,2026-01-30,305.6681,313.2039
USD,2026-01-29,305.9414,313.4780
USD,2026-01-28,305.9807,313.5176
USD,2026-01-27,305.8337,313.3699
USD,2026-01-26,306.0306,313.5677
USD,2026-01-23,305.9728,313.5098
USD,2026-01-22,305.9544,313.4913
USD,2026-01-21,305.8941,313.4306
USD,2026-01-20,305.9544,313.4913
USD,2026-01-19,305.9570,313.4940
USD,2026-01-16,305.6708,313.2065
USD,2026-01-14,305.4368,312.9720
USD,2026-01-13,305.3503,312.8849
USD,2026-01-12,305.5393,313.0748
USD,2026-01-09,305.6261,313.1618
USD,2026-01-08,306.3248,313.8457
USD,2026-01-07,306.2802,313.8181
USD,2026-01-06,306.2303,313.7680
USD,2026-01-05,306.1175,313.6282
USD,2026-01-02,305.7389,313.2752
USD,2026-01-01,305.8354,313.4295
USD,2025-12-31,306.2933,313.8313
USD,2025-12-30,306.1279,313.7178
USD,2025-12-29,305.8808,313.4702
USD,2025-12-26,305.8098,313.3991
USD,2025-12-24,305.8097,313.3991
USD,2025-12-23,305.7625,313.3516
USD,2025-12-22,305.7285,313.3304
USD,2025-12-19,305.6312,313.2461
USD,2025-12-18,305.8439,313.4597
USD,2025-12-17,305.6811,313.2962
USD,2025-12-16,305.5704,313.1685
USD,2025-12-15,305.3475,312.9482
USD,2025-12-12,305.3238,312.9114
USD,2025-12-11,305.0376,312.6108
USD,2025-12-10,304.8510,312.4237
USD,2025-12-09,304.8300,312.4026
USD,2025-12-08,304.8091,312.3946
USD,2025-12-05,305.0008,312.5739
USD,2025-12-03,305.0480,312.6214
USD,2025-12-02,304.8169,312.3894
USD,2025-12-01,304.3910,311.9496
USD,2025-11-28,304.2467,311.8044
USD,2025-11-27,304.2258,311.7832
USD,2025-11-26,304.2022,311.7594
USD,2025-11-25,304.0655,311.5829
USD,2025-11-24,304.1023,311.6461
USD,2025-11-21,304.2758,311.8332
USD,2025-11-20,304.4463,312.0048
USD,2025-11-19,304.3465,311.9177
USD,2025-11-18,303.3219,311.0029
USD,2025-11-17,303.1511,310.8580
USD,2025-11-14,301.9112,309.6114
USD,2025-11-13,300.8487,308.3478
USD,2025-11-12,300.5885,308.0733
USD,2025-11-11,300.5068,307.9643
USD,2025-11-10,301.0980,308.5743
USD,2025-11-07,301.1033,308.6506
USD,2025-11-06,300.9744,308.5374
USD,2025-11-04,300.7173,308.2082
USD,2025-11-03,300.7068,308.1977
USD,2025-10-31,300.6121,308.1077
USD,2025-10-30,300.6962,308.2056
USD,2025-10-29,300.4515,307.9432
USD,2025-10-28,300.4858,308.0090
USD,2025-10-27,299.9868,307.5172
USD,2025-10-24,299.8138,307.3223
USD,2025-10-23,299.8008,307.1427
USD,2025-10-22,299.3865,306.8656
USD,2025-10-21,299.2292,306.7182
USD,2025-10-17,299.2450,306.7603
USD,2025-10-16,299.1596,306.6449
USD,2025-10-15,299.0754,306.5607
USD,2025-10-14,298.8494,306.3310
USD,2025-10-13,298.8846,306.3702
USD,2025-10-10,298.9845,306.4597
USD,2025-10-09,298.9214,306.3939
USD,2025-10-08,298.7889,306.2968
USD,2025-10-07,298.7404,306.2386
USD,2025-10-03,298.7693,306.2675
USD,2025-10-02,298.7798,306.2781
USD,2025-10-01,298.7904,306.2912
USD,2025-09-30,298.7784,306.2994
USD,2025-09-29,298.7693,306.2965
USD,2025-09-26,298.8679,306.1151
USD,2025-09-25,298.8575,306.0913
USD,2025-09-24,298.7641,306.2780
USD,2025-09-23,298.7220,306.2491
USD,2025-09-22,298.6580,306.1729
USD,2025-09-19,298.2767,305.8090
USD,2025-09-18,298.2306,305.7537
USD,2025-09-17,298.2977,305.8327
USD,2025-09-16,298.3161,305.8511
USD,2025-09-15,298.2516,305.7773
USD,2025-09-12,298.1194,305.6536
USD,2025-09-11,298.2674,305.7747
USD,2025-09-10,298.2463,305.7537
USD,2025-09-09,298.2590,305.7668
USD,2025-09-08,298.2616,305.7695
USD,2025-09-04,298.2924,305.8275
USD,2025-09-03,298.4404,305.9669
USD,2025-09-02,298.2426,305.8206
USD,2025-09-01,298.3056,305.8196
USD,2025-08-29,298.6273,306.1596
USD,2025-08-28,298.6483,306.1754
USD,2025-08-27,298.4923,306.0307
USD,2025-08-26,298.4738,306.0118
USD,2025-08-25,298.2358,305.7616
USD,2025-08-22,298.1279,305.6536
USD,2025-08-21,297.9160,305.5639
USD,2025-08-20,297.7433,305.2961
USD,2025-08-19,297.5020,305.0432
USD,2025-08-18,297.2580,304.8142
USD,2025-08-15,297.3496,304.8688
USD,2025-08-14,297.1871,304.6897
USD,2025-08-13,297.2108,304.7082
USD,2025-08-12,297.0754,304.6112
USD,2025-08-11,296.8184,304.6423
USD,2025-08-07,297.0504,304.7190
USD,2025-08-06,297.1004,304.6196
USD,2025-08-05,297.2128,304.7188
USD,2025-08-04,297.4318,305.0923
USD,2025-08-01,298.1746,305.7890
USD,2025-07-31,298.3293,305.8759
USD,2025-07-30,298.3030,305.8575
USD,2025-07-29,298.1872,305.7939
USD,2025-07-28,298.1274,305.6652
USD,2025-07-25,298.0459,305.5809
USD,2025-07-24,298.0302,305.5650
USD,2025-07-23,297.9960,305.5172
USD,2025-07-22,297.9880,305.5256
USD,2025-07-21,297.8802,305.4198
USD,2025-07-18,297.6835,305.2223
USD,2025-07-17,297.6467,305.1196
USD,2025-07-16,297.3050,304.8108
USD,2025-07-15,297.2345,304.7371
USD,2025-07-14,297.1393,304.7196
USD,2025-07-11,296.8506,304.4360
USD,2025-07-09,297.0614,304.6613
USD,2025-07-08,297.3669,305.0278
USD,2025-07-07,296.2488,303.9728
USD,2025-07-04,296.1321,304.0227
USD,2025-07-03,295.8533,304.2734
USD,2025-07-02,295.8616,304.2846
USD,2025-07-01,295.9104,304.2912
USD,2025-06-30,295.8348,304.1589
USD,2025-06-27,295.8606,304.1884
USD,2025-06-26,295.8582,304.2223
USD,2025-06-25,296.2475,304.6388
USD,2025-06-24,296.6720,305.0691
USD,2025-06-23,296.5605,304.9807
USD,2025-06-20,296.5205,304.8843
USD,2025-06-19,296.4263,304.7706
USD,2025-06-18,296.8200,305.1979
USD,2025-06-17,296.8621,305.2326
USD,2025-06-16,295.7511,304.0563
USD,2025-06-13,294.9918,303.2999
USD,2025-06-12,294.8708,303.1787
USD,2025-06-11,294.9734,303.2972
USD,2025-06-09,294.9944,303.3183
USD,2025-06-06,294.9831,303.4025
USD,2025-06-05,295.1542,303.4842
USD,2025-06-04,295.2542,303.6159
USD,2025-06-03,295.3751,303.7113
USD,2025-06-02,295.3567,303.7455
USD,2025-05-30,295.1744,303.6807
USD,2025-05-29,295.3093,303.7924
USD,2025-05-28,295.5596,304.0121
USD,2025-05-27,295.4449,303.9290
USD,2025-05-26,295.2405,303.7056
USD,2025-05-23,295.1831,303.5843
USD,2025-05-22,295.4193,303.7981
USD,2025-05-21,296.2017,304.6104
USD,2025-05-20,295.8167,304.3295
USD,2025-05-19,294.9858,303.4859
USD,2025-05-16,294.3034,302.6561
USD,2025-05-15,294.3475,302.7226
USD,2025-05-14,294.6973,303.0575
USD,2025-05-09,294.8838,303.2446
USD,2025-05-08,295.0738,303.5640
USD,2025-05-07,295.3067,303.6686
USD,2025-05-06,295.1849,303.6784
USD,2025-05-05,295.2043,303.6974
USD,2025-05-02,295.1794,303.7007
USD,2025-04-30,295.3908,303.7534
USD,2025-04-29,295.3977,303.7976
USD,2025-04-28,295.3978,304.0396
USD,2025-04-25,295.5682,304.2318
USD,2025-04-24,295.5080,304.1636
USD,2025-04-23,295.4634,304.1056
USD,2025-04-22,295.1061,303.7968
USD,2025-04-21,294.6708,303.3271
USD,2025-04-17,294.3851,303.0313
USD,2025-04-16,293.9185,302.6158
USD,2025-04-11,294.2887,303.1241
USD,2025-04-10,294.1305,303.2612
USD,2025-04-09,295.8628,304.4215
USD,2025-04-08,293.4455,302.1451
USD,2025-04-07,292.4976,301.0425
USD,2025-04-04,292.5116,301.1496
USD,2025-04-03,292.0185,300.6875
USD,2025-04-02,291.8882,300.3935
USD,2025-04-01,291.9591,300.4758
USD,2025-03-28,292.0669,300.5806
USD,2025-03-27,292.1064,300.6258
USD,2025-03-26,292.3299,300.8497
USD,2025-03-25,292.4845,301.0025
USD,2025-03-24,292.4009,300.9156
USD,2025-03-21,292.2590,300.7575
USD,2025-03-20,292.1879,300.6864
USD,2025-03-19,291.8071,300.3172
USD,2025-03-18,292.0043,300.6011
USD,2025-03-17,292.5401,300.9558
USD,2025-03-14,291.2556,299.7977
USD,2025-03-12,291.2556,299.7977
USD,2025-03-11,291.2609,299.8003
USD,2025-03-10,291.2530,299.7924
USD,2025-03-07,291.3003,299.8398
USD,2025-03-06,291.3211,299.8506
USD,2025-03-05,290.9511,299.5180
USD,2025-03-04,290.9982,299.5914
USD,2025-03-03,291.0558,299.6160
USD,2025-02-28,291.1925,299.7397
USD,2025-02-27,291.4049,299.9800
USD,2025-02-25,291.4390,300.0011
USD,2025-02-24,291.5126,300.0880
USD,2025-02-21,291.7722,300.3068
USD,2025-02-20,292.7290,301.3006
USD,2025-02-19,292.5502,301.1649
USD,2025-02-18,291.2807,299.8141
USD,2025-02-17,291.3447,299.9921
USD,2025-02-14,291.5757,300.1249
USD,2025-02-13,292.6159,301.1953
USD,2025-02-11,292.7919,301.3398
USD,2025-02-10,293.1833,301.7436
USD,2025-02-07,294.2414,302.8981
USD,2025-02-06,294.5084,303.1764
USD,2025-02-05,295.5140,304.1372
USD,2025-02-03,294.4739,303.1114
USD,2025-01-31,293.2328,301.9936
USD,2025-01-30,292.4561,301.1598
USD,2025-01-29,292.9214,301.6055
USD,2025-01-28,294.1801,302.8942
USD,2025-01-27,294.0153,302.7727
USD,2025-01-24,294.4174,303.1063
USD,2025-01-23,294.4667,303.2450
USD,2025-01-22,293.4537,302.0200
USD,2025-01-21,292.8301,301.3321
USD,2025-01-20,292.2957,300.8181
USD,2025-01-17,292.2195,300.6917
USD,2025-01-16,291.3844,299.9321
USD,2025-01-15,290.7448,299.2836
USD,2025-01-10,290.6412,299.2063
USD,2025-01-09,291.7598,300.3145
USD,2025-01-08,286.4663,300.5203
USD,2025-01-07,291.3228,299.9224
USD,2025-01-06,289.7210,298.4165
USD,2025-01-03,289.0755,297.6410
USD,2025-01-02,289.0044,297.5884
USD,2025-01-01,289.0808,297.6536
USD,2024-12-31,288.3293,297.0162
USD,2024-12-30,288.3393,297.0686
USD,2024-12-27,289.4972,298.2950
USD,2024-12-26,290.7182,299.5208
USD,2024-12-24,292.2525,300.9844
USD,2024-12-23,289.7312,298.5262
USD,2024-12-20,288.5761,297.3339
USD,2024-12-19,287.4564,296.0725
USD,2024-12-18,286.8689,295.5003
USD,2024-12-17,286.4435,295.0915
USD,2024-12-16,285.9908,294.5610
USD,2024-12-13,285.9209,294.4910
USD,2024-12-12,285.9466,294.5168
USD,2024-12-11,285.9946,294.6048
USD,2024-12-10,286.0210,294.6338
USD,2024-12-09,286.1018,294.7043
USD,2024-12-06,286.0210,294.6180
USD,2024-12-05,286.0964,294.6938
USD,2024-12-04,286.1920,294.8080
USD,2024-12-03,286.3884,294.9861
USD,2024-12-02,286.3962,294.9730
USD,2024-11-29,286.3163,295.0450
USD,2024-11-28,286.5734,295.5806
USD,2024-11-27,286.7016,295.6966
USD,2024-11-26,286.6622,295.6702
USD,2024-11-25,286.5102,295.5174
USD,2024-11-22,286.4406,295.4521
USD,2024-11-21,286.5445,295.5515
USD,2024-11-20,286.5525,295.5988
USD,2024-11-19,286.7471,295.7679
USD,2024-11-18,287.4951,296.4799
USD,2024-11-14,287.7253,296.7260
USD,2024-11-13,287.9534,296.9762
USD,2024-11-12,288.1975,297.2248
USD,2024-11-11,288.1635,297.1536
USD,2024-11-08,288.1320,297.1876
USD,2024-11-07,288.4047,297.4881
USD,2024-11-06,288.5439,297.6284
USD,2024-11-05,288.6776,297.7236
USD,2024-11-04,288.5542,297.6042
USD,2024-11-01,288.5988,297.6445
USD,2024-10-30,289.0630,298.1487
USD,2024-10-29,289.0815,298.1697
USD,2024-10-28,289.0657,298.1140
USD,2024-10-25,289.1548,298.2096
USD,2024-10-24,289.0028,298.1109
USD,2024-10-23,288.6278,297.6261
USD,2024-10-22,288.6592,297.6578
USD,2024-10-21,288.6142,297.6054
USD,2024-10-18,288.5261,297.5357
USD,2024-10-16,288.9191,297.9190
USD,2024-10-15,289.1796,298.1775
USD,2024-10-14,288.5097,297.4942
USD,2024-10-11,288.4602,297.4621
USD,2024-10-10,288.6646,297.6682
USD,2024-10-09,288.5806,297.6233
USD,2024-10-08,288.9611,298.0322
USD,2024-10-07,289.5779,298.6870
USD,2024-10-04,289.4949,298.4983
USD,2024-10-03,291.9436,301.1694
USD,2024-10-02,290.3097,299.3572
USD,2024-10-01,292.0000,301.0564
USD,2024-09-30,293.5054,302.5647
USD,2024-09-27,295.3030,304.3376
USD,2024-09-26,295.8071,304.9150
USD,2024-09-25,297.9555,307.3183
USD,2024-09-24,299.7192,309.0850
USD,2024-09-23,300.1800,309.2836
USD,2024-09-20,299.9417,309.2309
USD,2024-09-19,299.2026,308.5712
USD,2024-09-18,297.7271,307.0166
USD,2024-09-13,296.4599,305.7780
USD,2024-09-12,296.4174,305.6915
USD,2024-09-11,296.0824,305.3639
USD,2024-09-10,296.9231,306.3564
USD,2024-09-09,294.5968,303.8148
USD,2024-09-06,294.1826,303.3974
USD,2024-09-05,294.3660,303.5903
USD,2024-09-04,294.4895,303.7063
USD,2024-09-03,294.6561,303.8345
USD,2024-09-02,294.7836,303.8481
USD,2024-08-30,295.3866,304.5824
USD,2024-08-29,295.9008,305.1266
USD,2024-08-28,295.8172,305.0549
USD,2024-08-27,296.3680,305.6146
USD,2024-08-26,295.3731,304.6485
USD,2024-08-23,296.5514,305.8076
USD,2024-08-22,295.7249,305.0419
USD,2024-08-21,295.2072,304.4523
USD,2024-08-20,294.3604,303.5775
USD,2024-08-16,294.3160,303.5267
USD,2024-08-15,294.5113,303.7761
USD,2024-08-14,294.5495,303.8200
USD,2024-08-13,295.0812,304.2751
USD,2024-08-12,295.4154,304.6641
USD,2024-08-09,296.2860,305.4598
USD,2024-08-08,297.0104,306.2824
USD,2024-08-07,297.5065,306.7677
USD,2024-08-06,297.6981,306.9872
USD,2024-08-05,297.3390,306.6515
USD,2024-08-02,297.6430,306.9317
USD,2024-08-01,297.7928,307.0819
USD,2024-07-31,297.8582,307.1744
USD,2024-07-30,298.0989,307.3942
USD,2024-07-29,298.4850,307.7765
USD,2024-07-26,298.7131,307.9537
USD,2024-07-25,298.9498,308.2486
USD,2024-07-24,299.0799,308.3906
USD,2024-07-23,299.2958,308.5447
USD,2024-07-22,298.8995,308.1989
USD,2024-07-19,299.2350,308.5317
USD,2024-07-18,299.2042,308.5274
USD,2024-07-17,299.1543,308.4630
USD,2024-07-16,297.7381,307.0529
USD,2024-07-15,297.1963,306.4074
USD,2024-07-12,298.2749,307.4603
USD,2024-07-11,299.0467,308.3411
USD,2024-07-10,299.2616,308.5052
USD,2024-07-09,299.7910,309.1277
USD,2024-07-08,300.0255,309.2202
USD,2024-07-05,300.0612,309.3025
USD,2024-07-04,299.6873,308.9221
USD,2024-07-03,298.7262,308.1754
USD,2024-07-02,300.3979,309.6342
USD,2024-07-01,301.3772,310.6444
USD,2024-06-28,301.0183,310.3533
USD,2024-06-27,300.6997,309.8352
USD,2024-06-26,300.5260,309.7877
USD,2024-06-25,300.5423,309.8056
USD,2024-06-24,300.5658,309.8847
USD,2024-06-20,300.6388,310.0538
USD,2024-06-19,300.2063,309.6304
USD,2024-06-18,299.3132,308.6531
USD,2024-06-14,299.0423,308.5156
USD,2024-06-13,299.0081,308.4819
USD,2024-06-12,298.7951,308.2634
USD,2024-06-11,298.4565,308.0019
USD,2024-06-10,297.9364,307.5273
USD,2024-06-07,297.8373,307.4417
USD,2024-06-06,297.5664,307.0499
USD,2024-06-05,297.2930,306.8807
USD,2024-06-04,297.1489,306.8239
USD,2024-06-03,297.0726,306.6700
USD,2024-05-31,296.9774,306.5863
USD,2024-05-30,296.8721,306.4863
USD,2024-05-29,296.8300,306.4442
USD,2024-05-28,295.8074,305.4195
USD,2024-05-27,295.3789,304.9953
USD,2024-05-22,294.8231,304.4801
USD,2024-05-21,294.7827,304.3151
USD,2024-05-20,294.9261,304.5972
USD,2024-05-17,295.8026,305.1511
USD,2024-05-16,297.3178,307.0361
USD,2024-05-15,296.7431,306.4280
USD,2024-05-14,295.6765,305.2385
USD,2024-05-13,294.1501,303.7846
USD,2024-05-10,293.7297,303.3840
USD,2024-05-09,293.8242,303.3789
USD,2024-05-08,294.3822,303.9272
USD,2024-05-07,293.8542,303.0127
USD,2024-05-06,292.0793,302.3040
USD,2024-05-03,292.1290,301.9031
USD,2024-05-02,292.6868,302.3542
USD,2024-04-30,293.4489,302.7600
USD,2024-04-29,291.5224,300.9597
USD,2024-04-26,291.8770,301.2928
USD,2024-04-25,292.7078,302.5848
USD,2024-04-24,295.4376,305.3930
USD,2024-04-22,297.0024,306.4586
USD,2024-04-19,296.8792,306.5961
USD,2024-04-18,296.9030,306.4145
USD,2024-04-17,295.2800,305.1931
USD,2024-04-16,294.2057,303.5476
USD,2024-04-15,293.7979,303.2586
USD,2024-04-10,293.6852,303.3335
USD,2024-04-09,294.0863,303.4415
USD,2024-04-08,294.3442,303.8976
USD,2024-04-05,294.9271,304.2846
USD,2024-04-04,295.0963,304.5631
USD,2024-04-03,295.2486,304.6043
USD,2024-04-02,295.2015,304.9073
USD,2024-04-01,295.5750,305.1018
USD,2024-03-28,295.5429,305.3339
USD,2024-03-27,296.7631,306.3453
USD,2024-03-26,297.6319,307.3326
USD,2024-03-25,298.4579,307.9921
USD,2024-03-22,298.9909,308.6902
USD,2024-03-21,299.0465,308.8069
USD,2024-03-20,299.1361,308.7249
USD,2024-03-19,299.2940,308.9065
USD,2024-03-18,300.0562,309.6749
USD,2024-03-15,300.6026,310.2053
USD,2024-03-14,301.0130,310.6428
USD,2024-03-13,301.7622,311.0041
USD,2024-03-12,302.0716,311.4500
USD,2024-03-11,302.6227,311.9825
USD,2024-03-07,303.0947,312.4368
USD,2024-03-06,302.9735,312.6086
USD,2024-03-05,303.0472,312.6876
USD,2024-03-04,303.8123,313.4131
USD,2024-03-01,304.7116,314.2362
USD,2024-02-29,305.1682,314.8771
USD,2024-02-28,305.5624,315.2986
USD,2024-02-27,306.0623,315.7299
USD,2024-02-26,306.0865,315.8517
USD,2024-02-22,306.5399,316.0679
USD,2024-02-21,307.1414,316.8174
USD,2024-02-20,307.3445,317.1692
USD,2024-02-19,307.4708,317.2903
USD,2024-02-16,307.7043,317.7620
USD,2024-02-15,308.2195,318.0679
USD,2024-02-14,308.2669,318.1678
USD,2024-02-13,308.5844,318.4655
USD,2024-02-12,308.1990,317.8272
USD,2024-02-09,308.3194,318.2311
USD,2024-02-08,308.4949,318.5839
USD,2024-02-07,308.5698,318.6869
USD,2024-02-06,307.7464,317.6567
USD,2024-02-05,307.7088,317.2528
USD,2024-02-02,307.1762,316.9979
USD,2024-02-01,310.5415,320.4082
USD,2024-01-31,312.0964,321.8542
USD,2024-01-30,312.8180,322.7398
USD,2024-01-29,312.6759,322.7716
USD,2024-01-26,313.1731,323.1775
USD,2024-01-24,314.9824,324.7787
USD,2024-01-23,315.0324,324.8287
USD,2024-01-22,315.5076,325.3792
USD,2024-01-19,315.9284,326.0600
USD,2024-01-18,316.0759,325.6904
USD,2024-01-17,316.7872,326.4384
USD,2024-01-16,317.3574,327.1890
USD,2024-01-12,317.7976,327.3582
USD,2024-01-11,318.0763,327.6431
USD,2024-01-10,317.8334,327.5427
USD,2024-01-09,317.7816,327.4005
USD,2024-01-08,317.7764,327.4478
USD,2024-01-05,317.7632,327.4610
USD,2024-01-04,317.7600,327.3976
USD,2024-01-03,316.9955,326.6933
USD,2024-01-02,316.9283,326.8587
USD,2024-01-01,319.2318,328.7784
USD,2023-12-29,319.1762,328.7784
USD,2023-12-28,319.1454,328.8731
USD,2023-12-27,320.5347,330.3827
USD,2023-12-22,321.4635,331.3071
USD,2023-12-21,321.9202,331.4997
USD,2023-12-20,321.8940,331.7038
USD,2023-12-19,321.9259,331.6405
USD,2023-12-18,321.9469,331.6089
USD,2023-12-15,321.6940,331.5038
USD,2023-12-14,322.2364,331.4772
USD,2023-12-13,321.7707,331.6167
USD,2023-12-12,322.2493,332.3280
USD,2023-12-11,322.1850,332.3764
USD,2023-12-08,321.8364,331.6615
USD,2023-12-07,321.8784,331.7826
USD,2023-12-06,322.6889,333.0711
USD,2023-12-05,323.0041,333.2059
USD,2023-12-04,322.8933,333.3213
USD,2023-12-01,322.9017,333.2383
USD,2023-11-30,323.4672,333.4564
USD,2023-11-29,324.1526,334.2295
USD,2023-11-28,324.1133,334.1117
USD,2023-11-27,323.6397,333.7056
USD,2023-11-24,323.5585,333.7448
USD,2023-11-23,323.5119,333.7081
USD,2023-11-22,323.4758,333.6609
USD,2023-11-21,323.0561,333.1445
USD,2023-11-20,322.7982,333.2023
USD,2023-11-17,322.8376,333.2524
USD,2023-11-16,323.3533,333.6636
USD,2023-11-15,322.5830,332.9839
USD,2023-11-14,321.7140,332.3660
USD,2023-11-13,322.1205,332.4780
USD,2023-11-10,322.4014,332.7760
USD,2023-11-09,323.1579,333.6374
USD,2023-11-08,322.5072,332.7923
USD,2023-11-07,321.5916,331.9647
USD,2023-11-06,323.9491,334.4083
USD,2023-11-03,323.6552,334.1380
USD,2023-11-02,322.4404,333.4354
USD,2023-11-01,322.3488,332.6334
USD,2023-10-31,322.1725,332.5096
USD,2023-10-30,321.7060,332.4987
USD,2023-10-27,321.5495,332.0178
USD,2023-10-26,321.3904,331.9361
USD,2023-10-25,321.7067,332.5650
USD,2023-10-24,320.8134,331.3956
USD,2023-10-23,320.3297,331.0050
USD,2023-10-20,319.6489,330.4162
USD,2023-10-19,319.2969,329.8115
USD,2023-10-18,318.9233,329.5430
USD,2023-10-17,318.2790,329.4189
USD,2023-10-16,318.1713,328.8534
USD,2023-10-13,318.0872,328.8218
USD,2023-10-12,318.0688,328.8289
USD,2023-10-11,318.0267,328.7869
USD,2023-10-10,317.9102,328.7491
USD,2023-10-09,318.3050,328.9350
USD,2023-10-06,318.2819,328.9108
USD,2023-10-05,318.2266,328.9081
USD,2023-10-04,318.1004,328.9126
USD,2023-10-03,318.3187,329.0008
USD,2023-10-02,318.2787,329.0139
USD,2023-09-27,318.2642,328.9001
USD,2023-09-26,318.7387,329.8014
USD,2023-09-25,318.7387,329.7702
USD,2023-09-22,318.5188,329.5513
USD,2023-09-21,318.9021,329.9016
USD,2023-09-20,318.6982,329.9359
USD,2023-09-19,318.2630,329.6034
USD,2023-09-18,317.6039,328.8363
USD,2023-09-15,317.5436,328.8809
USD,2023-09-14,318.0857,329.5704
USD,2023-09-13,316.7737,328.5308
USD,2023-09-12,316.5407,327.9261
USD,2023-09-11,316.2925,327.6048
USD,2023-09-08,316.3124,327.9947
USD,2023-09-07,316.2754,328.0638
USD,2023-09-06,315.9340,327.5101
USD,2023-09-05,314.8702,326.6530
USD,2023-09-04,313.9388,326.2837
USD,2023-09-01,314.1999,325.8676
USD,2023-08-31,315.3357,326.9396
USD,2023-08-29,317.8342,329.5445
USD,2023-08-28,317.9628,329.5226
USD,2023-08-25,317.8017,329.6392
USD,2023-08-24,317.4823,329.8198
USD,2023-08-23,317.4681,329.8616
USD,2023-08-22,316.9953,329.7506
USD,2023-08-21,316.7286,329.5970
USD,2023-08-18,316.2866,329.4982
USD,2023-08-17,314.7805,327.8749
USD,2023-08-16,314.4528,327.8235
USD,2023-08-15,314.7214,328.0221
USD,2023-08-14,313.9936,326.8853
USD,2023-08-11,313.7834,326.9576
USD,2023-08-10,313.6129,326.7861
USD,2023-08-09,314.9470,327.5220
USD,2023-08-08,315.1109,328.6038
USD,2023-08-07,315.0574,328.5784
USD,2023-08-04,312.5592,326.6580
USD,2023-08-03,308.6091,322.2084
USD,2023-08-02,309.7055,322.6856
USD,2023-07-31,322.9613,335.4036
USD,2023-07-28,322.6693,335.6506
USD,2023-07-27,322.8497,335.8919
USD,2023-07-26,323.6966,337.1774
USD,2023-07-25,323.0392,336.1624
USD,2023-07-24,321.1045,334.5576
USD,2023-07-21,318.7256,331.9854
USD,2023-07-20,316.3078,330.2942
USD,2023-07-19,315.2616,328.9299
USD,2023-07-18,314.9592,328.6534
USD,2023-07-17,313.2921,327.1641
USD,2023-07-14,310.4938,324.6783
USD,2023-07-13,308.1626,321.8765
USD,2023-07-12,306.1518,320.6817
USD,2023-07-11,305.1317,319.3229
USD,2023-07-10,304.0216,318.2388
USD,2023-07-07,302.6459,317.0914
USD,2023-07-06,300.0054,315.1016
USD,2023-07-05,298.8980,313.6680
USD,2023-07-04,299.8709,314.9879
USD,2023-06-28,301.1590,316.6728
USD,2023-06-27,301.3255,316.7243
USD,2023-06-26,299.8333,314.9261
USD,2023-06-23,299.0378,314.3650
USD,2023-06-22,298.5485,314.9630
USD,2023-06-21,298.4708,314.4947
USD,2023-06-20,297.2877,314.3802
USD,2023-06-19,297.5388,315.1281
USD,2023-06-16,300.5194,319.6600
USD,2023-06-15,311.6057,328.9272
USD,2023-06-14,303.1925,318.9974
USD,2023-06-13,294.9114,309.2237
USD,2023-06-12,290.0692,303.7392
USD,2023-06-09,288.0867,301.1291
USD,2023-06-08,285.6900,298.9191
USD,2023-06-07,285.5677,298.4378
USD,2023-06-06,284.8487,297.9434
USD,2023-06-05,285.6164,298.8583
USD,2023-06-02,287.4258,300.3287
USD,2023-06-01,283.8763,297.2316
USD,2023-05-31,287.8711,300.9210
USD,2023-05-30,290.6745,303.9548
USD,2023-05-29,289.8986,303.2640
USD,2023-05-26,295.6297,308.5472
USD,2023-05-25,297.6055,310.9562
USD,2023-05-24,297.9878,311.2316
USD,2023-05-23,299.1941,312.3359
USD,2023-05-22,299.7149,313.8244
USD,2023-05-19,300.6519,314.0848
USD,2023-05-18,299.2144,312.3715
USD,2023-05-17,302.4257,316.1880
USD,2023-05-16,305.4335,318.7965
USD,2023-05-15,306.1892,319.9619
USD,2023-05-12,306.3886,320.0375
USD,2023-05-11,308.6645,322.7018
USD,2023-05-10,310.9048,324.8084
USD,2023-05-09,311.0091,325.9516
USD,2023-05-08,312.1955,326.3198
USD,2023-05-04,312.5034,326.6292
USD,2023-05-03,313.0513,327.9562
USD,2023-05-02,313.7362,328.4158
USD,2023-04-28,313.9239,328.7514
USD,2023-04-27,313.8324,328.7701
USD,2023-04-26,313.4509,328.6723
USD,2023-04-25,313.2667,328.5407
USD,2023-04-24,313.3347,328.4847
USD,2023-04-21,313.0593,328.5152
USD,2023-04-20,313.1292,327.8921
USD,2023-04-19,312.9164,327.7272
USD,2023-04-18,312.4139,327.4612
USD,2023-04-17,312.0717,327.0215
USD,2023-04-12,311.5607,327.1787
USD,2023-04-11,311.4414,327.6693
USD,2023-04-10,311.6379,327.7229
USD,2023-04-06,313.2952,330.5619
USD,2023-04-04,313.3744,330.5038
USD,2023-04-03,316.7511,334.2094
USD,2023-03-31,318.2770,336.0123
USD,2023-03-30,317.7257,335.4110
USD,2023-03-29,315.7075,333.4925
USD,2023-03-28,315.8454,332.8711
USD,2023-03-27,314.8250,332.5841
USD,2023-03-24,314.7491,331.3791
USD,2023-03-23,311.2617,328.6083
USD,2023-03-22,312.6153,330.1625
USD,2023-03-21,316.8483,334.9328
USD,2023-03-20,331.7174,349.8726
USD,2023-03-17,332.2035,350.2275
USD,2023-03-16,329.0282,346.3312
USD,2023-03-15,327.5998,344.6634
USD,2023-03-14,319.8479,335.6887
USD,2023-03-13,311.8237,328.8699
USD,2023-03-10,311.6269,328.9042
USD,2023-03-09,307.3635,325.5218
USD,2023-03-08,313.7749,331.0583
USD,2023-03-07,318.3051,335.7502
USD,2023-03-03,334.5016,348.0322
USD,2023-03-02,343.9719,356.7393
USD,2023-03-01,351.7219,362.9543
USD,2023-02-28,357.6822,366.9212
USD,2023-02-27,358.3621,367.9284
USD,2023-02-24,358.7244,368.7702
USD,2023-02-23,359.0062,368.5292
USD,2023-02-22,359.3576,368.6063
USD,2023-02-21,359.9702,369.3116
USD,2023-02-20,359.4464,369.5636
USD,2023-02-17,359.4766,369.6666
USD,2023-02-16,359.5764,369.8164
USD,2023-02-15,359.6092,369.8892
USD,2023-02-14,359.6455,369.9523
USD,2023-02-13,359.4698,369.9592
USD,2023-02-10,359.0735,370.2484
USD,2023-02-09,359.4009,370.2786
USD,2023-02-08,359.4792,370.3547
USD,2023-02-07,360.0937,370.2611
USD,2023-02-06,359.9968,370.1832
USD,2023-02-03,360.2903,370.3529
USD,2023-02-02,360.4101,371.0331
USD,2023-02-01,360.4935,371.3942
USD,2023-01-31,360.4879,371.3887
USD,2023-01-30,360.4501,371.3035
USD,2023-01-27,360.4879,371.3887
USD,2023-01-26,360.4879,371.3887
USD,2023-01-25,360.4912,371.3909
USD,2023-01-24,360.4912,371.3909
USD,2023-01-23,360.5496,371.3845
USD,2023-01-20,360.5513,371.3915
USD,2023-01-19,360.5572,371.3916
USD,2023-01-18,360.4102,371.4781
USD,2023-01-17,360.4102,371.4781
USD,2023-01-13,360.3991,371.4665
USD,2023-01-12,360.3935,371.4609
USD,2023-01-11,360.4722,371.3646
USD,2023-01-10,360.0599,371.3989
USD,2023-01-09,359.9474,371.5491
USD,2023-01-05,359.9741,371.5724
USD,2023-01-04,359.9741,371.5724
USD,2023-01-03,360.2221,371.5921
USD,2023-01-02,360.4081,371.6068
USD,2022-12-30,360.4081,371.6068
USD,2022-12-29,360.4206,371.6168
USD,2022-12-28,360.4206,371.6168
USD,2022-12-27,360.3893,371.5893
USD,2022-12-23,360.8986,371.7819
USD,2022-12-22,361.0871,371.6613
USD,2022-12-21,361.0847,371.7127
USD,2022-12-20,361.0847,371.6601
USD,2022-12-19,361.1973,371.7191
USD,2022-12-16,361.1973,371.7191
USD,2022-12-15,361.1973,371.7191
USD,2022-12-14,361.1973,371.7191
USD,2022-12-13,361.1973,371.7191
USD,2022-12-12,361.1973,371.7191
USD,2022-12-09,361.3026,371.7191
USD,2022-12-08,361.3026,371.7191
USD,2022-12-06,361.3026,371.7191
USD,2022-12-05,361.3026,371.7191
USD,2022-12-02,361.2537,371.7222
USD,2022-12-01,361.2537,371.7275
USD,2022-11-30,361.2484,371.7222
USD,2022-11-29,361.2379,371.7170
USD,2022-11-28,360.2922,371.2929
USD,2022-11-25,360.2922,371.2929
USD,2022-11-24,360.9919,371.8325
USD,2022-11-23,360.9919,371.8325
USD,2022-11-22,360.9919,371.8325
USD,2022-11-21,360.9919,371.8325
USD,2022-11-18,360.9919,371.8325
USD,2022-11-17,360.9919,371.8325
USD,2022-11-16,360.9840,371.7757
USD,2022-11-15,360.9682,371.7599
USD,2022-11-14,360.9682,371.7599
USD,2022-11-11,360.9682,371.7599
USD,2022-11-10,360.9682,371.7599
USD,2022-11-09,360.9682,371.7599
USD,2022-11-08,360.8893,371.6809
USD,2022-11-04,360.8893,371.6809
USD,2022-11-03,360.7631,371.5650
USD,2022-11-02,360.7104,371.5123
USD,2022-11-01,360.6578,371.4597
USD,2022-10-31,360.6537,371.2103
USD,2022-10-28,360.6345,371.2296
USD,2022-10-27,360.6537,371.2103
USD,2022-10-26,360.6537,371.2103
USD,2022-10-25,360.7106,371.2612
USD,2022-10-21,360.7312,371.2425
USD,2022-10-20,360.5935,371.1179
USD,2022-10-19,360.4507,370.9750
USD,2022-10-18,360.4084,370.9316
USD,2022-10-17,360.3548,370.8637
USD,2022-10-14,359.8172,370.7183
USD,2022-10-13,359.6987,370.4261
USD,2022-10-12,359.6618,370.3945
USD,2022-10-11,359.2355,369.9682
USD,2022-10-07,359.1671,369.9156
USD,2022-10-06,359.1618,369.8629
USD,2022-10-05,359.1618,369.9103
USD,2022-10-04,359.1618,369.9103
USD,2022-10-03,359.1618,369.9103
USD,2022-09-30,359.1618,369.9103
USD,2022-09-29,359.1618,369.9103
USD,2022-09-28,359.1876,369.9371
USD,2022-09-27,359.1876,369.9371
USD,2022-09-26,359.1876,369.9371
USD,2022-09-23,359.1876,369.9235
USD,2022-09-22,359.1876,369.9235
USD,2022-09-21,359.1797,369.9424
USD,2022-09-20,359.1381,369.9003
USD,2022-09-19,359.1750,369.9371
USD,2022-09-16,358.9434,369.9135
USD,2022-09-15,358.9306,369.7126
USD,2022-09-14,358.9306,369.7126
USD,2022-09-13,358.7880,369.6183
USD,2022-09-12,358.7807,369.6151
USD,2022-09-09,358.5388,369.5017
USD,2022-09-08,358.4178,369.3806
USD,2022-09-07,358.3300,369.3395
USD,2022-09-06,358.0556,369.0280
USD,2022-09-05,358.0556,369.0280
USD,2022-09-02,357.8334,369.0956
USD,2022-09-01,357.5138,368.8612
USD,2022-08-31,357.5571,368.9007
USD,2022-08-30,357.9322,368.8990
USD,2022-08-29,357.8093,368.7830
USD,2022-08-26,357.8045,369.0166
USD,2022-08-25,357.4017,368.7116
USD,2022-08-24,357.4017,368.7116
USD,2022-08-23,357.4017,368.7116
USD,2022-08-22,357.3779,368.6905
USD,2022-08-19,357.4100,368.7200
USD,2022-08-18,357.3367,368.7038
USD,2022-08-17,357.3151,368.6827
USD,2022-08-16,357.3756,368.6872
USD,2022-08-15,357.2923,368.6066
USD,2022-08-12,357.2491,368.5670
USD,2022-08-10,357.3007,368.6127
USD,2022-08-09,357.2995,368.6127
USD,2022-08-08,357.1491,368.4698
USD,2022-08-05,357.1997,368.5198
USD,2022-08-04,357.2279,368.5416
USD,2022-08-03,357.2223,368.4999
USD,2022-08-02,357.3077,368.5388
USD,2022-08-01,357.2753,368.5064
USD,2022-07-29,357.1697,368.4121
USD,2022-07-28,357.4406,368.4922
USD,2022-07-27,357.4406,368.4922
USD,2022-07-26,357.5189,368.5144
USD,2022-07-25,357.4611,368.5067
USD,2022-07-22,357.9442,368.6321
USD,2022-07-21,358.3145,368.9187
USD,2022-07-20,358.5352,368.9001
USD,2022-07-19,357.8593,368.4926
USD,2022-07-18,357.6061,368.3433
USD,2022-07-15,357.9486,368.5245
USD,2022-07-14,358.1456,368.7594
USD,2022-07-12,356.9558,368.3011
USD,2022-07-11,357.7933,368.3974
USD,2022-07-08,356.8217,367.6651
USD,2022-07-07,356.8065,368.0616
USD,2022-07-06,356.0489,367.3317
USD,2022-07-05,355.9533,367.2998
USD,2022-07-04,356.5951,367.3155
USD,2022-07-01,356.4236,367.2423
USD,2022-06-30,355.7601,367.1246
USD,2022-06-29,355.8173,367.0703
USD,2022-06-28,356.0634,367.2255
USD,2022-06-27,356.2373,367.4039
USD,2022-06-24,356.1255,367.1686
USD,2022-06-23,356.6729,367.3982
USD,2022-06-22,356.4424,367.1121
USD,2022-06-21,357.2826,367.7352
USD,2022-06-20,356.2897,366.8380
USD,2022-06-17,355.5141,366.3277
USD,2022-06-16,355.6785,366.4915
USD,2022-06-15,355.7074,366.5065
USD,2022-06-13,355.7263,366.5254
USD,2022-06-10,355.6074,366.5287
USD,2022-06-09,355.8183,366.7956
USD,2022-06-08,355.6855,366.5762
USD,2022-06-07,356.0968,366.2398
USD,2022-06-06,355.2941,365.2660
USD,2022-06-03,355.3140,365.2861
USD,2022-06-02,355.6119,365.5882
USD,2022-06-01,355.1253,365.0948
USD,2022-05-31,355.7708,365.7493
USD,2022-05-30,355.7708,365.7493
USD,2022-05-27,354.2712,364.2289
USD,2022-05-26,354.7280,364.6920
USD,2022-05-25,354.4003,364.3597
USD,2022-05-24,354.4003,364.3597
USD,2022-05-23,354.4599,364.4202
USD,2022-05-20,354.4897,364.4504
USD,2022-05-19,354.5691,364.5309
USD,2022-05-18,354.6684,364.6316
USD,2022-05-17,354.7678,364.7323
USD,2022-05-13,355.0160,364.9840
USD,2022-05-12,364.2270,377.4967
USD,2022-05-11,361.7270,374.9967
USD,2022-05-09,361.7270,374.9967
USD,2022-05-06,361.7270,374.9967
USD,2022-05-05,356.8395,369.9991
USD,2022-05-04,350.0597,362.9987
USD,2022-04-29,347.0597,359.9987
USD,2022-04-28,342.1673,354.9960
USD,2022-04-27,337.8229,350.4972
USD,2022-04-26,333.8875,346.4956
USD,2022-04-25,330.0000,342.4979
USD,2022-04-22,327.5000,339.9979
USD,2022-04-21,327.5000,339.9979
USD,2022-04-20,327.5000,339.9979
USD,2022-04-19,327.5000,339.9979
USD,2022-04-18,322.7201,334.9975
USD,2022-04-12,319.2050,329.9975
USD,2022-04-11,316.7950,327.4999
USD,2022-04-08,310.8802,321.4971
USD,2022-04-07,309.3802,319.9971
USD,2022-04-06,298.1064,308.4951
USD,2022-04-05,293.2305,303.4964
USD,2022-04-04,289.7255,299.9914
USD,2022-04-01,289.2425,299.4908
USD,2022-03-31,288.7475,298.9958
USD,2022-03-30,288.7475,298.9958
USD,2022-03-29,288.7475,298.9958
USD,2022-03-28,288.7475,298.9958
USD,2022-03-25,284.8205,294.9987
USD,2022-03-24,279.9056,289.9960
USD,2022-03-23,274.9957,284.9983
USD,2022-03-22,272.0686,282.4956
USD,2022-03-21,264.6677,274.9979
USD,2022-03-18,264.6677,274.9979
USD,2022-03-16,264.6677,274.9979
USD,2022-03-15,259.7620,269.9952
USD,2022-03-14,249.9603,259.9999
USD,2022-03-11,249.9603,259.9999
USD,2022-03-10,249.9603,259.9999
USD,2022-03-09,225.2013,229.9987
USD,2022-03-08,225.2013,229.9987
USD,2022-03-07,198.5008,202.9992
USD,2022-03-04,198.5008,202.9992
USD,2022-03-03,198.5008,202.9992
USD,2022-03-02,198.5008,202.9992
USD,2022-02-28,198.5008,202.9992
USD,2022-02-25,198.5008,202.9992
USD,2022-02-24,198.5008,202.9992
USD,2022-02-23,198.5008,202.9992
USD,2022-02-22,198.5008,202.9992
USD,2022-02-21,198.5008,202.9992
USD,2022-02-18,198.5008,202.9992
USD,2022-02-17,198.5008,202.9992
USD,2022-02-15,198.5008,202.9992
USD,2022-02-14,198.5008,202.9992
USD,2022-02-11,198.5008,202.9992
USD,2022-02-10,198.5008,202.9992
USD,2022-02-09,198.5008,202.9992
USD,2022-02-08,198.5008,202.9992
USD,2022-02-07,198.5008,202.9992
USD,2022-02-03,198.5008,202.9992
USD,2022-02-02,198.5008,202.9992
USD,2022-02-01,198.5008,202.9992
USD,2022-01-31,198.5008,202.9992
USD,2022-01-28,198.5008,202.9992
USD,2022-01-27,198.5008,202.9992
USD,2022-01-26,198.5008,202.9992
USD,2022-01-25,198.5008,202.9992
USD,2022-01-24,198.5008,202.9992
USD,2022-01-21,198.5008,202.9992
USD,2022-01-20,198.5008,202.9992
USD,2022-01-19,198.5008,202.9992
USD,2022-01-18,198.5008,202.9992
USD,2022-01-13,198.5008,202.9992
USD,2022-01-12,198.5008,202.9992
USD,2022-01-11,198.5008,202.9992
USD,2022-01-10,198.5008,202.9992
USD,2022-01-07,198.5008,202.9992
USD,2022-01-06,198.5008,202.9992
USD,2022-01-05,198.5008,202.9992
USD,2022-01-04,198.5008,202.9992
USD,2022-01-03,198.5008,202.9992
USD,2021-12-31,198.5008,202.9992
USD,2021-12-30,198.5008,202.9992
USD,2021-12-29,198.5008,202.9992
USD,2021-12-28,198.5008,202.9992
USD,2021-12-27,198.5008,202.9992
USD,2021-12-24,198.5008,202.9992
USD,2021-12-23,198.5008,202.9992
USD,2021-12-22,198.5008,202.9992
USD,2021-12-21,198.5008,202.9992
USD,2021-12-20,198.5008,202.9992
USD,2021-12-17,198.5008,202.9992
USD,2021-12-16,198.5008,202.9992
USD,2021-12-15,198.5008,202.9992
USD,2021-12-14,198.5008,202.9992
USD,2021-12-13,198.5008,202.9992
USD,2021-12-10,198.5008,202.9992
USD,2021-12-09,198.5008,202.9992
USD,2021-12-08,198.5008,202.9992
USD,2021-12-07,198.5008,202.9992
USD,2021-12-06,198.5008,202.9992
USD,2021-12-03,198.5008,202.9992
USD,2021-12-02,198.5008,202.9992
USD,2021-12-01,198.5008,202.9992
USD,2021-11-30,198.5008,202.9992
USD,2021-11-29,198.5008,202.9992
USD,2021-11-26,198.5008,202.9992
USD,2021-11-25,198.5008,202.9992
USD,2021-11-24,198.5008,202.9992
USD,2021-11-23,198.5008,202.9992
USD,2021-11-22,198.5008,202.9992
USD,2021-11-19,198.5008,202.9992
USD,2021-11-17,198.5008,202.9992
USD,2021-11-16,198.5008,202.9992
USD,2021-11-15,198.5008,202.9992
USD,2021-11-12,198.5008,202.9992
USD,2021-11-11,198.5008,202.9992
USD,2021-11-10,198.5008,202.9992
USD,2021-11-09,198.5008,202.9992
USD,2021-11-08,198.5008,202.9992
USD,2021-11-05,198.5008,202.9992
USD,2021-11-03,198.5008,202.9992
USD,2021-11-02,198.5008,202.9992
USD,2021-11-01,198.5008,202.9992
USD,2021-10-29,198.5008,202.9992
USD,2021-10-28,198.5008,202.9992
USD,2021-10-27,198.5008,202.9992
USD,2021-10-26,198.5008,202.9992
USD,2021-10-25,198.5008,202.9992
USD,2021-10-22,198.5008,202.9992
USD,2021-10-21,198.5008,202.9992
USD,2021-10-18,198.5008,202.9992
USD,2021-10-15,198.5008,202.9992
USD,2021-10-14,198.5008,202.9992
USD,2021-10-13,198.5008,202.9992
USD,2021-10-12,198.5008,202.9992
USD,2021-10-11,198.5008,202.9992
USD,2021-10-08,198.5008,202.9992
USD,2021-10-07,198.5008,202.9992
USD,2021-10-06,198.5008,202.9992
USD,2021-10-05,198.5008,202.9992
USD,2021-10-04,198.5008,202.9992
USD,2021-10-01,198.5008,202.9992
USD,2021-09-30,198.5008,202.9992
USD,2021-09-29,198.5008,202.9992
USD,2021-09-28,198.5008,202.9992
USD,2021-09-27,198.5008,202.9992
USD,2021-09-24,198.5008,202.9992
USD,2021-09-23,198.5008,202.9992
USD,2021-09-22,198.5008,202.9992
USD,2021-09-21,198.5008,202.9992
USD,2021-09-17,198.5008,202.9992
USD,2021-09-16,198.5008,202.9992
USD,2021-09-15,198.5008,202.9992
USD,2021-09-14,198.5008,202.9992
USD,2021-09-13,198.5008,202.9992
USD,2021-09-10,198.5008,202.9992
USD,2021-09-09,198.5008,202.9992
USD,2021-09-08,198.5008,202.9992
USD,2021-09-07,198.5008,202.9992
USD,2021-09-06,198.5000,203.0000
USD,2021-09-03,198.5008,202.9992
USD,2021-09-02,198.5008,202.9992
USD,2021-09-01,198.8649,203.8701
USD,2021-08-31,198.9023,204.8977
USD,2021-08-30,197.9023,202.8977
USD,2021-08-27,198.1023,202.8977
USD,2021-08-26,197.9023,202.8977
USD,2021-08-25,197.9023,202.8977
USD,2021-08-24,197.9023,202.8977
USD,2021-08-23,197.9023,202.8977
USD,2021-08-20,198.1983,202.8977
USD,2021-08-19,197.8983,202.8977
USD,2021-08-18,198.3983,202.8977
USD,2021-08-17,198.1983,202.8977
USD,2021-08-16,198.3983,202.8977
USD,2021-08-13,198.5983,202.8977
USD,2021-08-12,197.6023,202.8977
USD,2021-08-11,198.2983,202.8977
USD,2021-08-10,198.1983,202.8977
USD,2021-08-09,197.8023,202.8977
USD,2021-08-06,198.3183,202.8977
USD,2021-08-05,198.3183,202.8977
USD,2021-08-04,198.0983,202.8977
USD,2021-08-03,198.0983,202.8977
USD,2021-08-02,197.2063,202.8977
USD,2021-07-30,198.3983,202.8977
USD,2021-07-29,197.6023,202.8977
USD,2021-07-28,197.9023,202.8977
USD,2021-07-27,197.8023,202.8977
USD,2021-07-26,197.9023,202.8977
USD,2021-07-22,197.9223,202.8977
USD,2021-07-20,197.9023,202.8977
USD,2021-07-19,197.9023,202.8977
USD,2021-07-16,198.1223,202.8977
USD,2021-07-15,198.1183,202.8977
USD,2021-07-14,197.9023,202.8977
USD,2021-07-13,198.3183,202.8977
USD,2021-07-12,198.2183,202.8977
USD,2021-07-09,197.9023,202.8977
USD,2021-07-08,197.9023,202.8977
USD,2021-07-07,198.1183,202.8977
USD,2021-07-06,197.8023,202.8977
USD,2021-07-05,197.5023,202.8977
USD,2021-07-02,198.2183,202.8977
USD,2021-07-01,197.4023,202.8977
USD,2021-06-30,197.3263,202.8977
USD,2021-06-29,197.3063,202.8977
USD,2021-06-28,197.3063,202.8977
USD,2021-06-25,197.5223,202.8977
USD,2021-06-23,197.9223,202.8977
USD,2021-06-22,198.0303,202.8896
USD,2021-06-21,197.9103,202.8896
USD,2021-06-18,198.0303,202.8896
USD,2021-06-17,198.0303,202.8896
USD,2021-06-16,197.9303,202.8896
USD,2021-06-15,197.9303,202.8896
USD,2021-06-14,198.1103,202.8896
USD,2021-06-11,198.1303,202.8896
USD,2021-06-10,197.9103,202.8896
USD,2021-06-09,197.9103,202.8896
USD,2021-06-08,197.9283,202.8877
USD,2021-06-07,197.8103,202.8896
USD,2021-06-04,198.1303,202.8896
USD,2021-06-03,197.8103,202.8896
USD,2021-06-02,197.9103,202.8896
USD,2021-06-01,198.0283,202.8877
USD,2021-05-31,197.9103,202.8896
USD,2021-05-28,197.9103,202.8896
USD,2021-05-25,198.0303,202.8896
USD,2021-05-24,197.9103,202.8896
USD,2021-05-21,198.2989,202.8796
USD,2021-05-20,198.1789,202.8796
USD,2021-05-19,198.2989,202.8796
USD,2021-05-18,198.2691,202.8494
USD,2021-05-17,197.5023,202.8977
USD,2021-05-13,197.3841,202.2820
USD,2021-05-12,197.8180,201.9480
USD,2021-05-11,197.5980,201.9480
USD,2021-05-10,197.5980,201.9480
USD,2021-05-07,197.5503,201.8988
USD,2021-05-06,196.7723,201.8788
USD,2021-05-05,195.0848,199.9410
USD,2021-05-04,195.1800,199.9300
USD,2021-05-03,195.7300,199.8900
USD,2021-04-30,195.9100,199.8700
USD,2021-04-29,196.1100,199.8700
USD,2021-04-28,194.8600,199.5200
USD,2021-04-27,194.3865,199.4185
USD,2021-04-23,192.5105,198.4895
USD,2021-04-22,193.4075,199.3925
USD,2021-04-21,195.1000,200.9000
USD,2021-04-20,190.2905,195.2145
USD,2021-04-19,187.9300,191.9700
USD,2021-04-16,195.7200,201.2800
USD,2021-04-15,199.8080,204.6280
USD,2021-04-12,199.1500,203.7300
USD,2021-04-09,199.0400,203.5900
USD,2021-04-08,199.2100,203.5000
USD,2021-04-07,198.5600,202.8800
USD,2021-04-06,198.0000,202.7000
USD,2021-04-05,197.2500,201.9500
USD,2021-04-01,197.0000,202.1000
USD,2021-03-31,197.6200,202.0400
USD,2021-03-30,196.8300,201.9300
USD,2021-03-29,197.2800,201.7700
USD,2021-03-26,196.7200,201.6000
USD,2021-03-25,196.4100,201.0100
USD,2021-03-24,196.9248,201.1935
USD,2021-03-23,196.3948,200.8635
USD,2021-03-22,195.3773,200.0401
USD,2021-03-19,195.2800,200.1900
USD,2021-03-18,195.3045,201.5005
USD,2021-03-17,197.5800,201.7500
USD,2021-03-16,195.2800,200.0600
USD,2021-03-15,194.4280,198.9640
USD,2021-03-12,194.4440,198.8740
USD,2021-03-10,194.3740,198.6620
USD,2021-03-09,194.3540,198.6820
USD,2021-03-08,194.0460,198.5760
USD,2021-03-05,194.0100,198.3400
USD,2021-03-04,193.9400,198.2700
USD,2021-03-03,193.9900,198.3200
USD,2021-03-02,192.4900,197.3200
USD,2021-03-01,192.0100,197.0500
USD,2021-02-25,192.8800,196.6200
USD,2021-02-24,192.0000,196.4000
USD,2021-02-23,191.1900,195.9300
USD,2021-02-22,193.1300,197.5300
USD,2021-02-19,193.5800,198.5800
USD,2021-02-18,193.3913,198.3847
USD,2021-02-17,193.6565,198.9485
USD,2021-02-16,193.2575,197.9775
USD,2021-02-15,192.7900,197.0300
USD,2021-02-12,191.2395,196.3655
USD,2021-02-11,193.5370,198.6680
USD,2021-02-10,192.2300,197.4500
USD,2021-02-09,192.5700,196.8100
USD,2021-02-08,191.9670,196.5069
USD,2021-02-05,191.5900,196.0300
USD,2021-02-03,192.3200,197.6200
USD,2021-02-02,190.4000,195.5000
USD,2021-02-01,188.6300,193.1700
USD,2021-01-29,189.6615,194.4435
USD,2021-01-27,193.1921,198.2435
USD,2021-01-26,192.4000,198.8000
USD,2021-01-25,194.1900,199.6500
USD,2021-01-22,194.3125,199.1875
USD,2021-01-21,193.1600,197.6800
USD,2021-01-20,192.8513,198.2647
USD,2021-01-19,190.8900,196.0500
USD,2021-01-18,191.6475,196.0262
USD,2021-01-15,190.7700,196.0500
USD,2021-01-13,190.3300,194.0700
USD,2021-01-12,188.4900,193.6500
USD,2021-01-11,188.0500,192.4700
USD,2021-01-08,186.2800,190.9800
USD,2021-01-07,187.1000,191.7700
USD,2021-01-06,187.5400,191.9600
USD,2021-01-05,187.6000,191.9000
USD,2021-01-04,184.8200,189.8800
USD,2021-01-01,184.9800,189.8000
