Date,Offered_Quantity,Sold_Quantity,Avg_Price_Rs./1000
02/01/2026,574696,474468,114792.59
08/01/2026,686281,424248,112860.00
14/01/2026,526437,229781,107340.02
22/01/2026,520378,215750,90652.93
29/01/2026,777625,474508,89395.03
05/02/2026,878574,550446,98126.20
12/02/2026,568889,385476,105689.63
02/01/2025,279102,267138,129699.00
09/01/2025,239829,238624,145687.00
23/01/2025,172462,114800,140000.00
30/01/2025,82257,82257,140000.00
06/02/2025,177362,173007,140000.00
13/02/2025,21569,21569,140000.00
06/03/2025,316427,228906,145345.74
14/03/2025,243247,178309,135731.72
20/03/2025,202941,164976,146158.00
03/04/2025,362016,345342,174601.50
10/04/2025,227487,193003,179497.23
24/04/2025,226241,226241,181915.68
02/05/2025,268411,248632,172144.61
08/05/2025,413620,348864,160464.02
16/05/2025,380317,293934,165533.82
27/05/2025,442110,383879,162069.67
05/06/2025,748079,262481,143239.46
12/06/2025,943906,756652,124830.70
19/06/2025,517354,463575,125575.70
26/06/2025,453733,410323,118117.37
03/07/2025,676657,613495,114779.06
11/07/2025,856780,763665,115659.98
17/07/2025,402742,381624,126537.80
24/07/2025,598139,582364,149468.77
07/08/2025,751836,523823,141295.81
14/08/2025,658480,582000,133623.91
21/08/2025,551525,519803,134068.09
28/08/2025,639098,531960,144000.12
04/09/2025,918522,813263,144210.23
11/09/2025,516578,374010,141760.77
18/09/2025,484329,424123,133686.72
25/09/2025,394279,350130,129732.23
02/10/2025,682300,578265,138581.96
09/10/2025,717319,617850,136059.65
17/10/2025,361926,272939,134860.29
23/10/2025,302679,214469,128060.00
30/10/2025,347005,288464,129171.51
06/11/2025,540267,463909,122493.58
13/11/2025,274450,52106,122336.35
20/11/2025,449836,283283,108778.10
27/11/2025,508003,334453,108996.05
05/12/2025,278887,174894,114559.44
11/12/2025,409302,278343,112740.72
18/12/2025,303207,207110,118723.00
04/01/2024,789094,704931,70067.49
11/01/2024,684847,567968,64958.37
18/01/2024,381424,174947,66198.81
26/01/2024,416764,358335,64377.65
01/02/2024,448746,448746,68634.37
08/02/2024,698941,612643,69751.43
15/02/2024,390327,305259,64751.88
22/02/2024,411514,313334,70593.37
29/02/2024,411631,325591,73962.70
07/03/2024,842503,560210,72030.38
14/03/2024,688563,551976,68678.51
21/03/2024,555561,334246,69225.54
28/03/2024,645891,364798,70405.94
04/04/2024,1381693,899483,65221.38
18/04/2024,1136414,516490,64094.03
25/04/2024,811217,360531,63231.98
02/05/2024,873957,559639,62948.59
09/05/2024,1326220,685218,62998.98
16/05/2024,876993,698103,64345.69
22/05/2024,392955,306490,71081.78
30/05/2024,316756,248939,75784.05
06/06/2024,879016,705561,76161.92
13/06/2024,844787,732443,77314.47
20/06/2024,415902,383149,81288.87
27/06/2024,337179,324726,83443.94
04/07/2024,822889,773377,79599.03
11/07/2024,522673,493874,82616.42
18/07/2024,397773,352055,84592.29
25/07/2024,368561,334098,85516.69
01/08/2024,573866,550139,85087.78
08/08/2024,693476,606942,88342.82
15/08/2024,650327,598075,92913.04
22/08/2024,294880,275916,94275.85
29/08/2024,573180,544216,92107.47
05/09/2024,690523,642273,87695.45
12/09/2024,545013,439891,86832.66
26/09/2024,620006,566235,90149.22
03/10/2024,637099,609529,93865.10
10/10/2024,568859,532346,101177.51
24/10/2024,413429,307435,105000.00
01/11/2024,449698,405579,100000.00
07/11/2024,641724,574938,99959.25
13/11/2024,284870,231221,99684.19
28/112024,527199,424157,109615.80
05/01/2023,800438,655086,82452.09
12/01/2023,415059,317407,79037.36
19/01/2023,538269,422970,84116.85
26/01/2023,469564,300983,80811.89
02/02/2023,593513,370006,75396.69
09/02/2023,778515,694723,73480.97
16/02/2023,339874,298128,80736.72
23/02/2023,399797,358567,85014.15
02/03/2023,711308,579801,84355.08
09/03/2023,876948,658494,82151.06
16/03/2023,574807,416815,82260.58
23/03/2023,900010,583291,"83,219..45"
30/03/2023,1122984,780932,78225.84
06/04/2023,1394310,1005534,73367.88
20/04/2023,969816,770670,72796.05
27/04/2023,642215,575824,69687.49
04/05/2023,1286099,969609,64375.81
11/05/2023,828387,475826,64440.15
18.05/2023,936758,690112,66301.51
25/05/2023,678770,512848,69699.63
01/06/2023,850576,718923,72846.66
08/06/2023,1253413,895732,66691.43
15/06/2023,976552,506757,66547.12
22/06/2023,1235876,743026,62962.08
30/06/2023,1137875,843161,61254.54
06/07/2023,1687359,1178252,59203.74
13/07/2023,930510,733091,62570.02
20/07/2023,840484,766973,67163.12
27/07/2023,827180,774031,68568.39
03/08/2023,1013820,819023,63749.69
10/08/2023,1244859,1039957,62531.91
17/08/2023,803990,580709,61455.23
24/08/2023,690347,459085,61022.09
31/08/2023,939032,608053,58906.84
07/09/2023,1297915,800261,59320.62
14/09/2023,862989,742070,60985.19
21/09/2023,567258,360087,64231.01
27/09/2023,653975,538078,63790.00
05/10/2023,871159,624610,62237.70
12/10/2023,622297,459294,67125.90
19/10/2023,469293,320715,70057.32
26/10/2023,477592,334003,70778.82
02/11/2023,527394,456564,74208.41
09/11/2023,594106,462975,77201.41
16/11/2023,404267,361584,78136.83
23/11/2023,285835,248132,82860.90
30/11/2023,522497,377216,77735.04
07/12/2023,669787,485688,67956.43
14/12/2023,564767,522478,67966.95
21/12/2023,478896,341240,75879.04
06/01/2022,1605263,1265763,64657.36
13/01/2022,1227591,729195,61037.07
20/01/2022,581403,406219,61059.08
27/01/2022,672920,514049,58633.70
03/02/2022,1301135,570242,54064.03
10/02/2022,1188230,418761,54800.66
17/02/2022,1342126,1042095,56505.24
24/02/2022,945625,748610,60221.00
03/03/2022,1208421,971995,58016.69
10/03/2022,1190753,878571,61359.91
18/03/2022,994053,857404,64862.99
24/03/2022,939161,770095,64702.83
31/03/2022,1321322,658591,58208.46
07/04/2022,1900121,1115130,55761.67
21/04/2022,1987660,1104428,56204.52
28/04/2022,1718467,1074206,60212.90
05/05/2022,2007802,1189089,57253.81
13/05/2022,1635265,879233,56097.06
19/05/2022,1270865,585122,53577.13
26/05/2022,1415359,745649,52694.11
02/06/2022,1578534,826551,53371.50
09/06/2022,2031571,1143568,52415.45
16/06/2022,1581054,776952,45241.65
23/06/2022,1393222,965322,46459.00
07/07/2022,2747989,1839344,46258.27
14/07/2022,1225557,802895,47928.69
21/07/2022,1030227,940385,59769.87
28/07/2022,1158029,910006,64115.55
04/08/2022,1399382,1210118,62329.53
12/08/2022,1019395,576906,64618.23
18/08/2022,1061961,589239,65311.04
25/08/2022,1792391,1452954,64192.23
01/09/2022,1163225,843597,63361.60
08/09/2022,1309247,959249,61308.49
15/09/2022,822908,455570,58355.51
22/09/2022,1020438,813551,57396.19
29/09/2022,1018186,706009,58516.87
06/10/2022,1381134,970638,59180.08
13/10/2022,1125036,825176,59236.26
20/10/2022,687621,639610,62037.99
27/10/2022,580619,480225,65388.00
03/11/2022,700664,555095,64122.02
10/11/2022,795369,653587,63659.82
17/11/2022,462236,397953,64154.05
24/11/2022,502417,362167,66247.20
01/12/2022,613859,538449,69975.88
08/12/2022,722163,547365,76438.65
15/12/2022,440460,391427,77786.14
22/12/2022,486798,466375,81304.22
13/05/2021,1273900,914791,62839.99
20/05/2021,873107,352272,62970.41
28/05/2021,800823,452318,63170.01
03/06/2021,975623,752576,62635.81
10/06/2021,1239094,649372,60375.12
17/06/2021,1105300,677997,55224.12
25/06/2021,1086587,568878,52911.94
01/07/2021,1148994,798919,51421.14
08/07/2021,1678198,1153197,54061.25
15/07/2021,1055068,877354,60207.17
22/07/2021,842603,722054,60462.68
29/07/2021,685681,476712,55984.99
05/08/2021,1652242,1104876,52728.00
12/08/2021,1468729,850665,51440.06
19/08/2021,1261862,732181,51101.06
26/08/2021,963778,716339,52024.84
03/09/2021,1435432,1120510,53778.14
09/09/2021,1620591,1133408,54140.43
16/09/2021,1059460,648578,53028.20
23/09/2021,1076793,622614,50897.44
30/09/2021,1062646,525769,50194.20
07/10/2021,1558399,930358,48879.86
14/10/2021,988614,619523,48433.07
21/10/2021,948948,704601,55360.99
28/10/2021,656132,620442,57774.67
05/11/2021,988417,485530,61635.67
11/11/2021,1133556,1024086,61829.90
19/11/2021,459072,357202,61675.56
25/11/2021,515090,356186,58898.23
02/12/2021,700161,603471,53975.69
09/12/2021,962055,738174,56136.43
16/12/2021,807665,653454,58610.68
23/12/2021,700121,577322,59545.40
